Timestamp,Price
2018-10-11 00:00:00,6582.455082387102
2018-10-12 00:00:00,6234.367641454442
2018-10-13 00:00:00,6285.592982799844
2018-10-14 00:00:00,6314.883384422573
2018-10-15 00:00:00,6328.554760034424
2018-10-16 00:00:00,6659.87550840943
2018-10-17 00:00:00,6635.125667516839
2018-10-18 00:00:00,6635.741832487943
2018-10-19 00:00:00,6517.511087710534
2018-10-20 00:00:00,6483.827769471798
2018-10-21 00:00:00,6532.678750383806
2018-10-22 00:00:00,6529.670021370842
2018-10-23 00:00:00,6512.589059298922
2018-10-24 00:00:00,6472.799660641591
2018-10-25 00:00:00,6481.443589558082
2018-10-26 00:00:00,6458.191521836801
2018-10-27 00:00:00,6468.826424965618
2018-10-28 00:00:00,6457.058635186671
2018-10-29 00:00:00,6481.323141667608
2018-10-30 00:00:00,6292.6479239344
2018-10-31 00:00:00,6331.781807909807
2018-11-01 00:00:00,6366.720109554257
2018-11-02 00:00:00,6379.972972168429
2018-11-03 00:00:00,6425.4415830402095
2018-11-04 00:00:00,6388.1897883073725
2018-11-05 00:00:00,6351.061941056285
2018-11-06 00:00:00,6415.443408541094
2018-11-07 00:00:00,6474.847290336688
2018-11-08 00:00:00,6574.801180290013
2018-11-09 00:00:00,6490.454730761757
2018-11-10 00:00:00,6413.78203857173
2018-11-11 00:00:00,6429.898792074219
2018-11-12 00:00:00,6434.2845969255495
2018-11-13 00:00:00,6411.353436205148
2018-11-14 00:00:00,6394.289276264062
2018-11-15 00:00:00,5788.612494046974
2018-11-16 00:00:00,5686.541131058274
2018-11-17 00:00:00,5609.956182334204
2018-11-18 00:00:00,5599.1915956893035
2018-11-19 00:00:00,5638.861481452398
2018-11-20 00:00:00,4889.197859239111
2018-11-21 00:00:00,4450.711454417822
2018-11-22 00:00:00,4613.44841218385
2018-11-23 00:00:00,4307.388731717267
2018-11-24 00:00:00,4376.904946801552
2018-11-25 00:00:00,3895.8368129589876
2018-11-26 00:00:00,4039.836551137432
2018-11-27 00:00:00,3811.9235292664935
2018-11-28 00:00:00,3832.92451590069
2018-11-29 00:00:00,4267.243628990657
2018-11-30 00:00:00,4279.475592548712
2018-12-01 00:00:00,4009.6895798259993
2018-12-02 00:00:00,4189.573822999859
2018-12-03 00:00:00,4124.593548643215
2018-12-04 00:00:00,3878.8392347832714
2018-12-05 00:00:00,3943.6928120656007
2018-12-06 00:00:00,3751.691966395661
2018-12-07 00:00:00,3466.763863771732
2018-12-08 00:00:00,3408.5236170431267
2018-12-09 00:00:00,3424.7058606626006
2018-12-10 00:00:00,3550.546433896889
2018-12-11 00:00:00,3433.8084404312785
2018-12-12 00:00:00,3378.808778413106
2018-12-13 00:00:00,3438.1000735289817
2018-12-14 00:00:00,3294.636156545267
2018-12-15 00:00:00,3216.6271499079407
2018-12-16 00:00:00,3221.9762037129963
2018-12-17 00:00:00,3217.0468349697426
2018-12-18 00:00:00,3506.2170132794818
2018-12-19 00:00:00,3655.775045729801
2018-12-20 00:00:00,3687.750553192723
2018-12-21 00:00:00,4065.097238010126
2018-12-22 00:00:00,3846.2274979885774
2018-12-23 00:00:00,3960.567773408038
2018-12-24 00:00:00,3941.617740158326
2018-12-25 00:00:00,4021.990255345401
2018-12-26 00:00:00,3759.1784268965694
2018-12-27 00:00:00,3781.613081593353
2018-12-28 00:00:00,3587.703880138819
2018-12-29 00:00:00,3854.4210969825917
2018-12-30 00:00:00,3778.193939889601
2018-12-31 00:00:00,3809.7282286410905
2019-01-01 00:00:00,3692.5315655246986
2019-01-02 00:00:00,3794.2642537397164
2019-01-03 00:00:00,3872.1721842228935
2019-01-04 00:00:00,3776.525807694106
2019-01-05 00:00:00,3815.268079882635
2019-01-06 00:00:00,3787.3078571242845
2019-01-07 00:00:00,4013.5200912973864
2019-01-08 00:00:00,3989.6687175387638
2019-01-09 00:00:00,3973.5912546157865
2019-01-10 00:00:00,3982.2259127624075
2019-01-11 00:00:00,3623.8477291056797
2019-01-12 00:00:00,3632.849306434781
2019-01-13 00:00:00,3598.4363465618803
2019-01-14 00:00:00,3495.832311307438
2019-01-15 00:00:00,3648.04828565649
2019-01-16 00:00:00,3567.801243199206
2019-01-17 00:00:00,3597.6473233295915
2019-01-18 00:00:00,3620.9812811457246
2019-01-19 00:00:00,3597.7932517701506
2019-01-20 00:00:00,3674.587270857304
2019-01-21 00:00:00,3539.167531041029
2019-01-22 00:00:00,3531.004182799933
2019-01-23 00:00:00,3571.2669080928695
2019-01-24 00:00:00,3555.7000025226243
2019-01-25 00:00:00,3565.6420046170365
2019-01-26 00:00:00,3564.822417111422
2019-01-27 00:00:00,3563.614563419144
2019-01-28 00:00:00,3553.121681129778
2019-01-29 00:00:00,3432.215668301249
2019-01-30 00:00:00,3413.3754832497975
2019-01-31 00:00:00,3457.8826491759864
2019-02-01 00:00:00,3431.943637864456
2019-02-02 00:00:00,3464.490147562154
2019-02-03 00:00:00,3486.581616258029
2019-02-04 00:00:00,3454.025843825187
2019-02-05 00:00:00,3464.003508861087
2019-02-06 00:00:00,3469.8946770792636
2019-02-07 00:00:00,3405.836861256719
2019-02-08 00:00:00,3394.0146529587223
2019-02-09 00:00:00,3664.2821026589836
2019-02-10 00:00:00,3667.4082642899566
2019-02-11 00:00:00,3675.6916291247258
2019-02-12 00:00:00,3631.444539729949
2019-02-13 00:00:00,3633.9650467461183
2019-02-14 00:00:00,3610.0622730634022
2019-02-15 00:00:00,3589.661829626318
2019-02-16 00:00:00,3601.2291913968643
2019-02-17 00:00:00,3622.5916530750715
2019-02-18 00:00:00,3665.075530800723
2019-02-19 00:00:00,3886.5202004751386
2019-02-20 00:00:00,3915.0099712770552
2019-02-21 00:00:00,3976.808906528991
2019-02-22 00:00:00,3934.813593894817
2019-02-23 00:00:00,3973.6413227746357
2019-02-24 00:00:00,4115.3379267876635
2019-02-25 00:00:00,3742.868946700387
2019-02-26 00:00:00,3824.683504217102
2019-02-27 00:00:00,3809.209774682024
2019-02-28 00:00:00,3813.377891881294
2019-03-01 00:00:00,3815.6076075249844
2019-03-02 00:00:00,3815.753939922755
2019-03-03 00:00:00,3819.645730582585
2019-03-04 00:00:00,3806.9542737979564
2019-03-05 00:00:00,3712.812457297799
2019-03-06 00:00:00,3852.461665785486
2019-03-07 00:00:00,3860.510762380684
2019-03-08 00:00:00,3871.637247965991
2019-03-09 00:00:00,3861.879307396147
2019-03-10 00:00:00,3941.600873271771
2019-03-11 00:00:00,3923.559788806432
2019-03-12 00:00:00,3860.3592300287123
2019-03-13 00:00:00,3876.480852754649
2019-03-14 00:00:00,3865.817782663389
2019-03-15 00:00:00,3876.6987080329527
2019-03-16 00:00:00,3925.460579704576
2019-03-17 00:00:00,4007.709463818873
2019-03-18 00:00:00,3980.9901047320204
2019-03-19 00:00:00,3986.7068940461468
2019-03-20 00:00:00,4013.5769693454813
2019-03-21 00:00:00,4045.57263350974
2019-03-22 00:00:00,3983.317781297362
2019-03-23 00:00:00,3989.1584912154526
2019-03-24 00:00:00,4008.945386314754
2019-03-25 00:00:00,3993.394900459549
2019-03-26 00:00:00,3927.577296521434
2019-03-27 00:00:00,3938.659743156943
2019-03-28 00:00:00,4036.1609179207603
2019-03-29 00:00:00,4028.3913011796208
2019-03-30 00:00:00,4103.322859513963
2019-03-31 00:00:00,4103.856421333923
2019-04-01 00:00:00,4103.521738549332
2019-04-02 00:00:00,4146.321927706636
2019-04-03 00:00:00,4862.230427766917
2019-04-04 00:00:00,4955.831824018296
2019-04-05 00:00:00,4899.021553783287
2019-04-06 00:00:00,5014.955826888765
2019-04-07 00:00:00,5041.869075888309
2019-04-08 00:00:00,5176.97788362072
2019-04-09 00:00:00,5266.89477647303
2019-04-10 00:00:00,5172.1752647597095
2019-04-11 00:00:00,5308.905683164441
2019-04-12 00:00:00,5047.79316241402
2019-04-13 00:00:00,5082.46515242293
2019-04-14 00:00:00,5072.987191337883
2019-04-15 00:00:00,5149.314492798127
2019-04-16 00:00:00,5039.881017404402
2019-04-17 00:00:00,5213.598376962082
2019-04-18 00:00:00,5218.957150384528
2019-04-19 00:00:00,5274.767013336503
2019-04-20 00:00:00,5280.354444383007
2019-04-21 00:00:00,5307.689183437135
2019-04-22 00:00:00,5311.164840299274
2019-04-23 00:00:00,5380.935789575588
2019-04-24 00:00:00,5557.9257276108365
2019-04-25 00:00:00,5452.101753394462
2019-04-26 00:00:00,5203.088598730703
2019-04-27 00:00:00,5295.847320048228
2019-04-28 00:00:00,5256.977802474059
2019-04-29 00:00:00,5257.803249232503
2019-04-30 00:00:00,5199.755008563461
2019-05-01 00:00:00,5292.803974562054
2019-05-02 00:00:00,5354.5868001739655
2019-05-03 00:00:00,5450.706620486424
2019-05-04 00:00:00,5731.493099606555
2019-05-05 00:00:00,5803.943309048437
2019-05-06 00:00:00,5749.323780460327
2019-05-07 00:00:00,5715.7571359661015
2019-05-08 00:00:00,5841.053771273751
2019-05-09 00:00:00,5957.856732858399
2019-05-10 00:00:00,6168.268996398258
2019-05-11 00:00:00,6370.233758607852
2019-05-12 00:00:00,7258.261280655222
2019-05-13 00:00:00,6953.75138858638
2019-05-14 00:00:00,7805.98164948938
2019-05-15 00:00:00,7990.055553534356
2019-05-16 00:00:00,8192.223138952013
2019-05-17 00:00:00,7875.913199526066
2019-05-18 00:00:00,7343.371457162994
2019-05-19 00:00:00,7300.655158341227
2019-05-20 00:00:00,8168.730689783752
2019-05-21 00:00:00,7976.851712899625
2019-05-22 00:00:00,7958.365526075088
2019-05-23 00:00:00,7665.79685383355
2019-05-24 00:00:00,7861.812792465447
2019-05-25 00:00:00,7977.244882467973
2019-05-26 00:00:00,8037.627431860584
2019-05-27 00:00:00,8631.080577844017
2019-05-28 00:00:00,8816.03391493351
2019-05-29 00:00:00,8726.978110456395
2019-05-30 00:00:00,8650.677405968292
2019-05-31 00:00:00,8310.891063057417
2019-06-01 00:00:00,8575.646353354166
2019-06-02 00:00:00,8554.261728092017
2019-06-03 00:00:00,8743.705469134235
2019-06-04 00:00:00,8173.632761796738
2019-06-05 00:00:00,7683.636261419786
2019-06-06 00:00:00,7812.44885473215
2019-06-07 00:00:00,7821.123897094859
2019-06-08 00:00:00,8036.108159122215
2019-06-09 00:00:00,7942.539284064289
2019-06-10 00:00:00,7668.029627860183
2019-06-11 00:00:00,8002.729982894047
2019-06-12 00:00:00,7897.975476598364
2019-06-13 00:00:00,8145.05909812096
2019-06-14 00:00:00,8227.625725590904
2019-06-15 00:00:00,8671.505388660793
2019-06-16 00:00:00,8818.609506932296
2019-06-17 00:00:00,8978.77258780693
2019-06-18 00:00:00,9312.868294808708
2019-06-19 00:00:00,9094.021746079217
2019-06-20 00:00:00,9285.928674251472
2019-06-21 00:00:00,9548.31456526146
2019-06-22 00:00:00,10118.359455626854
2019-06-23 00:00:00,10704.922148115673
2019-06-24 00:00:00,10846.12509964766
2019-06-25 00:00:00,11045.550419814825
2019-06-26 00:00:00,11808.419904075861
2019-06-27 00:00:00,12996.124342788677
2019-06-28 00:00:00,11178.682998186501
2019-06-29 00:00:00,12352.19686591269
2019-06-30 00:00:00,11972.555667220913
2019-07-01 00:00:00,10888.097181679726
2019-07-02 00:00:00,10639.046292232071
2019-07-03 00:00:00,10822.764178376405
2019-07-04 00:00:00,11975.637393818817
2019-07-05 00:00:00,11229.60561912491
2019-07-06 00:00:00,10987.248856214646
2019-07-07 00:00:00,11279.476377672418
2019-07-08 00:00:00,11436.430746923896
2019-07-09 00:00:00,12260.28269787262
2019-07-10 00:00:00,12544.167261709219
2019-07-11 00:00:00,12166.398288868606
2019-07-12 00:00:00,11385.060490564521
2019-07-13 00:00:00,11804.562793905448
2019-07-14 00:00:00,11418.511855491488
2019-07-15 00:00:00,10285.461109066944
2019-07-16 00:00:00,10911.345158309634
2019-07-17 00:00:00,9538.827124243868
2019-07-18 00:00:00,9657.303101319074
2019-07-19 00:00:00,10636.155728360647
2019-07-20 00:00:00,10536.565849576118
2019-07-21 00:00:00,10774.281137633849
2019-07-22 00:00:00,10607.463560702123
2019-07-23 00:00:00,10343.318139598357
2019-07-24 00:00:00,9936.380762347033
2019-07-25 00:00:00,9799.306312967936
2019-07-26 00:00:00,9878.23193291115
2019-07-27 00:00:00,9845.999447078504
2019-07-28 00:00:00,9447.678401413306
2019-07-29 00:00:00,9534.755426833233
2019-07-30 00:00:00,9510.593552181648
2019-07-31 00:00:00,9568.437452164315
2019-08-01 00:00:00,10062.996285663326
2019-08-02 00:00:00,10361.312000080692
2019-08-03 00:00:00,10529.171907427639
2019-08-04 00:00:00,10791.200523159
2019-08-05 00:00:00,10951.593834840049
2019-08-06 00:00:00,11818.525531066103
2019-08-07 00:00:00,11510.164154730011
2019-08-08 00:00:00,11970.657556451994
2019-08-09 00:00:00,12024.331570998236
2019-08-10 00:00:00,11852.561606995518
2019-08-11 00:00:00,11327.842642233223
2019-08-12 00:00:00,11549.998354322472
2019-08-13 00:00:00,11381.241355678554
2019-08-14 00:00:00,10903.6549918801
2019-08-15 00:00:00,10016.217389275296
2019-08-16 00:00:00,10295.87714290961
2019-08-17 00:00:00,10324.993597415598
2019-08-18 00:00:00,10224.218706633936
2019-08-19 00:00:00,10309.872435928555
2019-08-20 00:00:00,10895.97184442924
2019-08-21 00:00:00,10743.789313302059
2019-08-22 00:00:00,10124.058214168905
2019-08-23 00:00:00,10127.78985767835
2019-08-24 00:00:00,10385.509090033882
2019-08-25 00:00:00,10145.01247970698
2019-08-26 00:00:00,10090.061576030994
2019-08-27 00:00:00,10334.911854471331
2019-08-28 00:00:00,10167.889390020262
2019-08-29 00:00:00,9753.48704889705
2019-08-30 00:00:00,9485.141423780755
2019-08-31 00:00:00,9588.98750205815
2019-09-01 00:00:00,9607.289264302583
2019-09-02 00:00:00,9729.266231867814
2019-09-03 00:00:00,10323.022660378076
2019-09-04 00:00:00,10620.165189356907
2019-09-05 00:00:00,10573.515179027892
2019-09-06 00:00:00,10570.249940786205
2019-09-07 00:00:00,10350.748325717243
2019-09-08 00:00:00,10461.547731202416
2019-09-09 00:00:00,10404.333900445994
2019-09-10 00:00:00,10321.931613525778
2019-09-11 00:00:00,10121.102297214318
2019-09-12 00:00:00,10150.71002363705
2019-09-13 00:00:00,10401.319919342226
2019-09-14 00:00:00,10355.626898620032
2019-09-15 00:00:00,10349.551958231765
2019-09-16 00:00:00,10305.675020156998
2019-09-17 00:00:00,10268.421696882157
2019-09-18 00:00:00,10203.071046816189
2019-09-19 00:00:00,10158.854517376085
2019-09-20 00:00:00,10253.232374680329
2019-09-21 00:00:00,10178.442572698175
2019-09-22 00:00:00,9997.199887816778
2019-09-23 00:00:00,10041.304200624943
2019-09-24 00:00:00,9699.504938095957
2019-09-25 00:00:00,8702.713528026236
2019-09-26 00:00:00,8446.244115548528
2019-09-27 00:00:00,8098.80982048931
2019-09-28 00:00:00,8183.482347567026
2019-09-29 00:00:00,8225.11037185192
2019-09-30 00:00:00,8064.380983385267
2019-10-01 00:00:00,8271.290855465355
2019-10-02 00:00:00,8366.503905663569
2019-10-03 00:00:00,8350.132163242944
2019-10-04 00:00:00,8176.354679406582
2019-10-05 00:00:00,8156.519553840962
2019-10-06 00:00:00,8140.242484268429
2019-10-07 00:00:00,7890.234349864658
2019-10-08 00:00:00,8182.251593084191
2019-10-09 00:00:00,8180.69113018462
2019-10-10 00:00:00,8573.060086448735
2019-10-11 00:00:00,8561.51932921772
2019-10-12 00:00:00,8277.848351085042
2019-10-13 00:00:00,8308.470967433434
2019-10-14 00:00:00,8289.497236618896
2019-10-15 00:00:00,8347.350350085451
2019-10-16 00:00:00,8175.8631121051185
2019-10-17 00:00:00,8010.3021797941665
2019-10-18 00:00:00,8079.931459479744
2019-10-19 00:00:00,7957.314093995798
2019-10-20 00:00:00,7949.802268609832
2019-10-21 00:00:00,8208.362621758712
2019-10-22 00:00:00,8220.91853113097
2019-10-23 00:00:00,8045.294246807262
2019-10-24 00:00:00,7468.5325324369
2019-10-25 00:00:00,7433.915345679171
2019-10-26 00:00:00,8652.030029867461
2019-10-27 00:00:00,9217.236031536286
2019-10-28 00:00:00,9502.020114436129
2019-10-29 00:00:00,9239.897283779665
2019-10-30 00:00:00,9407.163351459427
2019-10-31 00:00:00,9171.874474054188
2019-11-01 00:00:00,9151.824594459767
2019-11-02 00:00:00,9233.413801605904
2019-11-03 00:00:00,9302.83461784109
2019-11-04 00:00:00,9204.286350451268
2019-11-05 00:00:00,9378.953914330921
2019-11-06 00:00:00,9300.373963047077
2019-11-07 00:00:00,9340.048651574896
2019-11-08 00:00:00,9221.073784983802
2019-11-09 00:00:00,8795.896069400225
2019-11-10 00:00:00,8809.78367388588
2019-11-11 00:00:00,9043.673292397065
2019-11-12 00:00:00,8729.917418490728
2019-11-13 00:00:00,8806.751998954014
2019-11-14 00:00:00,8770.78082523136
2019-11-15 00:00:00,8652.025288272329
2019-11-16 00:00:00,8480.435541874604
2019-11-17 00:00:00,8496.376959145864
2019-11-18 00:00:00,8508.499434051764
2019-11-19 00:00:00,8202.834446107912
2019-11-20 00:00:00,8138.831605359057
2019-11-21 00:00:00,8095.865638011639
2019-11-22 00:00:00,7632.494765498649
2019-11-23 00:00:00,7293.013949172297
2019-11-24 00:00:00,7309.689243566324
2019-11-25 00:00:00,6935.73862740252
2019-11-26 00:00:00,7118.264883393205
2019-11-27 00:00:00,7157.684731054473
2019-11-28 00:00:00,7483.754192176799
2019-11-29 00:00:00,7438.621769308849
2019-11-30 00:00:00,7720.865011260837
2019-12-01 00:00:00,7556.397585815771
2019-12-02 00:00:00,7405.808478752477
2019-12-03 00:00:00,7308.982444423794
2019-12-04 00:00:00,7286.080951511441
2019-12-05 00:00:00,7209.971417454778
2019-12-06 00:00:00,7373.782498577651
2019-12-07 00:00:00,7530.922830404948
2019-12-08 00:00:00,7493.545154556748
2019-12-09 00:00:00,7508.315669139108
2019-12-10 00:00:00,7347.036951245358
2019-12-11 00:00:00,7233.950487171398
2019-12-12 00:00:00,7197.426825880834
2019-12-13 00:00:00,7200.7070180298015
2019-12-14 00:00:00,7247.350277010915
2019-12-15 00:00:00,7081.740255265727
2019-12-16 00:00:00,7108.563021778046
2019-12-17 00:00:00,6901.036915336086
2019-12-18 00:00:00,6627.162514553135
2019-12-19 00:00:00,7274.768503792503
2019-12-20 00:00:00,7152.558691632884
2019-12-21 00:00:00,7185.439179630756
2019-12-22 00:00:00,7141.554857046259
2019-12-23 00:00:00,7488.196174601466
2019-12-24 00:00:00,7335.207616177015
2019-12-25 00:00:00,7266.60819662888
2019-12-26 00:00:00,7204.1848756885975
2019-12-27 00:00:00,7208.489307892152
2019-12-28 00:00:00,7247.62371236525
2019-12-29 00:00:00,7307.887522683333
2019-12-30 00:00:00,7394.029285530991
2019-12-31 00:00:00,7240.4289122518185
2020-01-01 00:00:00,7195.153895430029
2020-01-02 00:00:00,7193.7546679601
2020-01-03 00:00:00,6963.853353983485
2020-01-04 00:00:00,7300.34693530511
2020-01-05 00:00:00,7351.377053166627
2020-01-06 00:00:00,7349.972248050628
2020-01-07 00:00:00,7734.675515785289
2020-01-08 00:00:00,8147.415237636371
2020-01-09 00:00:00,8045.789124592971
2020-01-10 00:00:00,7832.795643840387
2020-01-11 00:00:00,8180.513169803805
2020-01-12 00:00:00,8012.085781814529
2020-01-13 00:00:00,8171.401185320944
2020-01-14 00:00:00,8110.647964503772
2020-01-15 00:00:00,8801.871213137745
2020-01-16 00:00:00,8820.85010599613
2020-01-17 00:00:00,8720.91950137424
2020-01-18 00:00:00,8902.568995225329
2020-01-19 00:00:00,8906.902675151074
2020-01-20 00:00:00,8690.380569544623
2020-01-21 00:00:00,8631.253954333763
2020-01-22 00:00:00,8724.818622931474
2020-01-23 00:00:00,8665.436914096897
2020-01-24 00:00:00,8415.956027335538
2020-01-25 00:00:00,8432.096675789418
2020-01-26 00:00:00,8348.665665079325
2020-01-27 00:00:00,8595.728298493115
2020-01-28 00:00:00,8879.335548714553
2020-01-29 00:00:00,9320.805853868467
2020-01-30 00:00:00,9276.893821086494
2020-01-31 00:00:00,9509.80513557522
2020-02-01 00:00:00,9308.060285564778
2020-02-02 00:00:00,9363.22420680057
2020-02-03 00:00:00,9338.416631939404
2020-02-04 00:00:00,9308.91270229121
2020-02-05 00:00:00,9179.95928107711
2020-02-06 00:00:00,9592.18387389791
2020-02-07 00:00:00,9744.636578159387
2020-02-08 00:00:00,9799.448455824684
2020-02-09 00:00:00,9890.701658194865
2020-02-10 00:00:00,10148.379719131783
2020-02-11 00:00:00,9890.121224019967
2020-02-12 00:00:00,10226.925769215322
2020-02-13 00:00:00,10328.897565836414
2020-02-14 00:00:00,10221.260309201634
2020-02-15 00:00:00,10320.157140513991
2020-02-16 00:00:00,9894.136123789158
2020-02-17 00:00:00,9943.673602578743
2020-02-18 00:00:00,9723.605026422496
2020-02-19 00:00:00,10133.817417084678
2020-02-20 00:00:00,9618.409248250406
2020-02-21 00:00:00,9608.16918128246
2020-02-22 00:00:00,9673.011800270346
2020-02-23 00:00:00,9658.606058375473
2020-02-24 00:00:00,9946.716123467522
2020-02-25 00:00:00,9670.9608064677
2020-02-26 00:00:00,9345.342701734848
2020-02-27 00:00:00,8801.657129472504
2020-02-28 00:00:00,8781.175282202359
2020-02-29 00:00:00,8717.331431359424
2020-03-01 00:00:00,8552.989118581636
2020-03-02 00:00:00,8567.802248679225
2020-03-03 00:00:00,8905.876104262194
2020-03-04 00:00:00,8756.718576742549
2020-03-05 00:00:00,8758.646993191916
2020-03-06 00:00:00,9038.870323233425
2020-03-07 00:00:00,9135.84506603321
2020-03-08 00:00:00,8902.20195010789
2020-03-09 00:00:00,8041.365538071835
2020-03-10 00:00:00,7921.33200691072
2020-03-11 00:00:00,7906.731528510632
2020-03-12 00:00:00,7935.522040170545
2020-03-13 00:00:00,5142.990459018316
2020-03-14 00:00:00,5542.819542373153
2020-03-15 00:00:00,5214.189112383918
2020-03-16 00:00:00,5397.93335743919
2020-03-17 00:00:00,5032.501351487721
2020-03-18 00:00:00,5389.41577503409
2020-03-19 00:00:00,5376.280747845438
2020-03-20 00:00:00,6170.200600237675
2020-03-21 00:00:00,6195.603505257629
2020-03-22 00:00:00,6145.770891252399
2020-03-23 00:00:00,5859.647430299388
2020-03-24 00:00:00,6456.347485963419
2020-03-25 00:00:00,6730.173782371188
2020-03-26 00:00:00,6695.9006183977235
2020-03-27 00:00:00,6765.56207892991
2020-03-28 00:00:00,6397.826328325604
2020-03-29 00:00:00,6255.000398693634
2020-03-30 00:00:00,5915.337154791903
2020-03-31 00:00:00,6403.141235565223
2020-04-01 00:00:00,6421.70541388854
2020-04-02 00:00:00,6640.797666310131
2020-04-03 00:00:00,6807.897017890566
2020-04-04 00:00:00,6732.852018394612
2020-04-05 00:00:00,6859.424923721944
2020-04-06 00:00:00,6788.048272605917
2020-04-07 00:00:00,7297.635558289496
2020-04-08 00:00:00,7196.782202442051
2020-04-09 00:00:00,7342.291601148024
2020-04-10 00:00:00,7294.488875121554
2020-04-11 00:00:00,6864.694257006497
2020-04-12 00:00:00,6878.781212589853
2020-04-13 00:00:00,6913.158787469097
2020-04-14 00:00:00,6857.538537511484
2020-04-15 00:00:00,6860.17853570111
2020-04-16 00:00:00,6629.431738031291
2020-04-17 00:00:00,7059.92622475854
2020-04-18 00:00:00,7035.261503989225
2020-04-19 00:00:00,7242.5109294929825
2020-04-20 00:00:00,7127.511949689152
2020-04-21 00:00:00,6856.456278354705
2020-04-22 00:00:00,6842.038597634602
2020-04-23 00:00:00,7109.995291181778
2020-04-24 00:00:00,7382.793144116689
2020-04-25 00:00:00,7495.393587498606
2020-04-26 00:00:00,7538.557687279841
2020-04-27 00:00:00,7683.867415083342
2020-04-28 00:00:00,7774.281554448049
2020-04-29 00:00:00,7758.230255185947
2020-04-30 00:00:00,8744.430287016561
2020-05-01 00:00:00,8610.63580374089
2020-05-02 00:00:00,8824.818413551968
2020-05-03 00:00:00,8966.307014689282
2020-05-04 00:00:00,8888.671912686868
2020-05-05 00:00:00,8884.407813577056
2020-05-06 00:00:00,9003.240557621584
2020-05-07 00:00:00,9144.68703972007
2020-05-08 00:00:00,9959.166416261767
2020-05-09 00:00:00,9821.81131529702
2020-05-10 00:00:00,9566.777187205966
2020-05-11 00:00:00,8752.617087745832
2020-05-12 00:00:00,8604.75159101983
2020-05-13 00:00:00,8788.466749414652
2020-05-14 00:00:00,9283.08601265873
2020-05-15 00:00:00,9796.494527024528
2020-05-16 00:00:00,9309.29535940684
2020-05-17 00:00:00,9375.29710843331
2020-05-18 00:00:00,9666.32719340344
2020-05-19 00:00:00,9708.439858793108
2020-05-20 00:00:00,9760.198937162193
2020-05-21 00:00:00,9526.50759300584
2020-05-22 00:00:00,9059.962506871727
2020-05-23 00:00:00,9131.767275081993
2020-05-24 00:00:00,9170.361063506127
2020-05-25 00:00:00,8731.848525870651
2020-05-26 00:00:00,8883.691769863415
2020-05-27 00:00:00,8839.130663273247
2020-05-28 00:00:00,9174.118563996424
2020-05-29 00:00:00,9546.04563503715
2020-05-30 00:00:00,9427.120373393418
2020-05-31 00:00:00,9662.70587254818
2020-06-01 00:00:00,9466.961781429516
2020-06-02 00:00:00,10167.93069332851
2020-06-03 00:00:00,9515.243858655718
2020-06-04 00:00:00,9645.227869360308
2020-06-05 00:00:00,9776.20299178848
2020-06-06 00:00:00,9636.965527050057
2020-06-07 00:00:00,9662.858709002241
2020-06-08 00:00:00,9738.603356828593
2020-06-09 00:00:00,9773.02951309516
2020-06-10 00:00:00,9767.00531665552
2020-06-11 00:00:00,9874.898681832236
2020-06-12 00:00:00,9325.996856202635
2020-06-13 00:00:00,9469.533297509908
2020-06-14 00:00:00,9469.473456163696
2020-06-15 00:00:00,9345.960907722063
2020-06-16 00:00:00,9431.719262201745
2020-06-17 00:00:00,9524.92661691022
2020-06-18 00:00:00,9463.361414311787
2020-06-19 00:00:00,9399.767217129216
2020-06-20 00:00:00,9312.780104497786
2020-06-21 00:00:00,9360.247968201687
2020-06-22 00:00:00,9298.360829121417
2020-06-23 00:00:00,9678.683208975835
2020-06-24 00:00:00,9624.684291831398
2020-06-25 00:00:00,9288.061774486938
2020-06-26 00:00:00,9258.667161007706
2020-06-27 00:00:00,9166.486360416233
2020-06-28 00:00:00,9013.90556467614
2020-06-29 00:00:00,9139.903276297824
2020-06-30 00:00:00,9185.166540651147
2020-07-01 00:00:00,9149.721996758017
2020-07-02 00:00:00,9230.672998590804
2020-07-03 00:00:00,9094.318072166905
2020-07-04 00:00:00,9071.3850427828
2020-07-05 00:00:00,9132.908369533492
2020-07-06 00:00:00,9087.407312582163
2020-07-07 00:00:00,9342.376492626678
2020-07-08 00:00:00,9253.630980242333
2020-07-09 00:00:00,9432.172515827939
2020-07-10 00:00:00,9235.716302064242
2020-07-11 00:00:00,9282.913638839902
2020-07-12 00:00:00,9234.314674712627
2020-07-13 00:00:00,9297.479635872663
2020-07-14 00:00:00,9240.76251972468
2020-07-15 00:00:00,9247.060695963813
2020-07-16 00:00:00,9203.371435179699
2020-07-17 00:00:00,9136.483376363976
2020-07-18 00:00:00,9156.276583115488
2020-07-19 00:00:00,9168.402736564132
2020-07-20 00:00:00,9202.615839500108
2020-07-21 00:00:00,9163.159654576915
2020-07-22 00:00:00,9384.379751903267
2020-07-23 00:00:00,9514.304987626969
2020-07-24 00:00:00,9589.81771944117
2020-07-25 00:00:00,9535.93879573746
2020-07-26 00:00:00,9691.825138917147
2020-07-27 00:00:00,9925.751397476346
2020-07-28 00:00:00,10962.258481207355
2020-07-29 00:00:00,10904.916526918994
2020-07-30 00:00:00,11093.612240442404
2020-07-31 00:00:00,11116.307163685275
2020-08-01 00:00:00,11325.5515272739
2020-08-02 00:00:00,11812.094307268515
2020-08-03 00:00:00,11066.306240590267
2020-08-04 00:00:00,11230.907762749297
2020-08-05 00:00:00,11181.917508034885
2020-08-06 00:00:00,11719.26352395155
2020-08-07 00:00:00,11768.127742240009
2020-08-08 00:00:00,11571.487980683192
2020-08-09 00:00:00,11739.131006414418
2020-08-10 00:00:00,11682.851469154939
2020-08-11 00:00:00,11862.938012702563
2020-08-12 00:00:00,11398.671060896633
2020-08-13 00:00:00,11579.867951602135
2020-08-14 00:00:00,11817.164038803397
2020-08-15 00:00:00,11777.391322489924
2020-08-16 00:00:00,11864.905810156475
2020-08-17 00:00:00,11901.776488302461
2020-08-18 00:00:00,12272.465808160425
2020-08-19 00:00:00,11949.610970628193
2020-08-20 00:00:00,11733.278970862082
2020-08-21 00:00:00,11861.83657727968
2020-08-22 00:00:00,11515.124298729217
2020-08-23 00:00:00,11676.385305081287
2020-08-24 00:00:00,11647.928120934363
2020-08-25 00:00:00,11758.828120368864
2020-08-26 00:00:00,11350.753473213
2020-08-27 00:00:00,11465.002564032086
2020-08-28 00:00:00,11300.398363810944
2020-08-29 00:00:00,11519.118388160729
2020-08-30 00:00:00,11481.481823317012
2020-08-31 00:00:00,11701.004008657852
2020-09-01 00:00:00,11672.324104943627
2020-09-02 00:00:00,11895.225345345636
2020-09-03 00:00:00,11418.254756916149
2020-09-04 00:00:00,10197.459822768922
2020-09-05 00:00:00,10484.470392265588
2020-09-06 00:00:00,10177.789718049991
2020-09-07 00:00:00,10260.0177277544
2020-09-08 00:00:00,10359.445216989981
2020-09-09 00:00:00,10125.014956069688
2020-09-10 00:00:00,10230.154699360752
2020-09-11 00:00:00,10342.159391205681
2020-09-12 00:00:00,10378.223044584596
2020-09-13 00:00:00,10439.38467226404
2020-09-14 00:00:00,10328.866065987393
2020-09-15 00:00:00,10661.096235144483
2020-09-16 00:00:00,10787.58020807624
2020-09-17 00:00:00,10952.249969107099
2020-09-18 00:00:00,10937.996396960929
2020-09-19 00:00:00,10927.150310293275
2020-09-20 00:00:00,11083.99836119821
2020-09-21 00:00:00,10923.32666818137
2020-09-22 00:00:00,10439.522488792423
2020-09-23 00:00:00,10527.58784673943
2020-09-24 00:00:00,10223.784106392732
2020-09-25 00:00:00,10726.530083321983
2020-09-26 00:00:00,10681.993848113701
2020-09-27 00:00:00,10743.19287975935
2020-09-28 00:00:00,10765.300521660893
2020-09-29 00:00:00,10672.02854425897
2020-09-30 00:00:00,10837.516586513004
2020-10-01 00:00:00,10770.881347466415
2020-10-02 00:00:00,10627.976063963179
2020-10-03 00:00:00,10572.674843011133
2020-10-04 00:00:00,10546.65625537982
2020-10-05 00:00:00,10670.700811335208
2020-10-06 00:00:00,10784.94940309411
2020-10-07 00:00:00,10605.95779130622
2020-10-08 00:00:00,10668.011010796896
2020-10-09 00:00:00,10888.666546835811
2020-10-10 00:00:00,11063.2523862591
2020-10-11 00:00:00,11286.541942043945
2020-10-12 00:00:00,11377.814876756858
2020-10-13 00:00:00,11543.183760771468
2020-10-14 00:00:00,11426.105544220427
2020-10-15 00:00:00,11435.57243757972
2020-10-16 00:00:00,11495.584995733887
2020-10-17 00:00:00,11319.097785677623
2020-10-18 00:00:00,11365.814131026178
2020-10-19 00:00:00,11495.899975689872
2020-10-20 00:00:00,11752.146863919786
2020-10-21 00:00:00,11908.708923246453
2020-10-22 00:00:00,12806.435726727443
2020-10-23 00:00:00,12951.044060038126
2020-10-24 00:00:00,12928.072296348406
2020-10-25 00:00:00,13106.04601925958
2020-10-26 00:00:00,13021.410842124118
2020-10-27 00:00:00,13060.79221208406
2020-10-28 00:00:00,13655.185415883081
2020-10-29 00:00:00,13282.999348292438
2020-10-30 00:00:00,13441.878496031612
2020-10-31 00:00:00,13537.174271524887
2020-11-01 00:00:00,13778.637638352931
2020-11-02 00:00:00,13720.361465146289
2020-11-03 00:00:00,13558.361795524168
2020-11-04 00:00:00,13989.976358180447
2020-11-05 00:00:00,14101.716050813722
2020-11-06 00:00:00,15553.331701081443
2020-11-07 00:00:00,15548.312145063144
2020-11-08 00:00:00,14818.45891122149
2020-11-09 00:00:00,15496.316149147417
2020-11-10 00:00:00,15335.342198178862
2020-11-11 00:00:00,15278.70965979927
2020-11-12 00:00:00,15686.905986213233
2020-11-13 00:00:00,16265.149252483357
2020-11-14 00:00:00,16326.81487507908
2020-11-15 00:00:00,16095.561510630652
2020-11-16 00:00:00,15984.673784156614
2020-11-17 00:00:00,16714.40386322188
2020-11-18 00:00:00,17651.82042768171
2020-11-19 00:00:00,17829.934958345126
2020-11-20 00:00:00,17819.75743096837
2020-11-21 00:00:00,18628.813489036198
2020-11-22 00:00:00,18689.528655825852
2020-11-23 00:00:00,18390.61184379203
2020-11-24 00:00:00,18360.693300385865
2020-11-25 00:00:00,19091.524181728702
2020-11-26 00:00:00,18753.288921684914
2020-11-27 00:00:00,17138.029512395206
2020-11-28 00:00:00,17140.27555252362
2020-11-29 00:00:00,17718.972832629497
2020-11-30 00:00:00,18169.95420978285
2020-12-01 00:00:00,19609.52143957559
2020-12-02 00:00:00,18857.417371118165
2020-12-03 00:00:00,19208.398191994624
2020-12-04 00:00:00,19435.20484740911
2020-12-05 00:00:00,18711.226549886927
2020-12-06 00:00:00,19139.111575237486
2020-12-07 00:00:00,19325.55411859109
2020-12-08 00:00:00,19198.806493935343
2020-12-09 00:00:00,18336.514581297808
2020-12-10 00:00:00,18564.986455688137
2020-12-11 00:00:00,18262.058384653155
2020-12-12 00:00:00,18058.027339569555
2020-12-13 00:00:00,18807.09540322016
2020-12-14 00:00:00,19151.13442340493
2020-12-15 00:00:00,19259.97047153096
2020-12-16 00:00:00,19432.362456862407
2020-12-17 00:00:00,21317.66213678684
2020-12-18 00:00:00,22805.65580598891
2020-12-19 00:00:00,23120.57055156752
2020-12-20 00:00:00,23863.85484171969
2020-12-21 00:00:00,23518.31842054723
2020-12-22 00:00:00,22840.991707188354
2020-12-23 00:00:00,23794.79330262859
2020-12-24 00:00:00,23308.12723217715
2020-12-25 00:00:00,23760.287048542956
2020-12-26 00:00:00,24671.107714415415
2020-12-27 00:00:00,26476.130137019492
2020-12-28 00:00:00,26423.22879190229
2020-12-29 00:00:00,27125.384120651503
2020-12-30 00:00:00,27424.538954606684
2020-12-31 00:00:00,28837.28852895899
2021-01-01 00:00:00,29022.41839530417
2021-01-02 00:00:00,29352.12679194895
2021-01-03 00:00:00,32163.824935335215
2021-01-04 00:00:00,33008.226203489285
2021-01-05 00:00:00,31515.575966658354
2021-01-06 00:00:00,34082.20604904424
2021-01-07 00:00:00,36933.520137309126
2021-01-08 00:00:00,39547.08408135567
2021-01-09 00:00:00,40815.96185478254
2021-01-10 00:00:00,40296.5290038294
2021-01-11 00:00:00,38397.895985418174
2021-01-12 00:00:00,35669.90668663349
2021-01-13 00:00:00,33938.33587810088
2021-01-14 00:00:00,37456.00772548642
2021-01-15 00:00:00,39232.74997140346
2021-01-16 00:00:00,36787.52121668496
2021-01-17 00:00:00,36254.713079410845
2021-01-18 00:00:00,35804.263885674685
2021-01-19 00:00:00,36595.4647692826
2021-01-20 00:00:00,36104.86385775514
2021-01-21 00:00:00,35587.489202735545
2021-01-22 00:00:00,30913.695736053804
2021-01-23 00:00:00,32957.908782655926
2021-01-24 00:00:00,32068.08737440817
2021-01-25 00:00:00,32273.51735032927
2021-01-26 00:00:00,32375.320062981456
2021-01-27 00:00:00,32582.10944502123
2021-01-28 00:00:00,30445.52586511351
2021-01-29 00:00:00,33128.34752861149
2021-01-30 00:00:00,34150.81876737221
2021-01-31 00:00:00,34199.51981036302
2021-02-01 00:00:00,33064.78676701507
2021-02-02 00:00:00,33405.99035714327
2021-02-03 00:00:00,35485.98593382442
2021-02-04 00:00:00,37494.71762460426
2021-02-05 00:00:00,36816.50808203406
2021-02-06 00:00:00,38007.83222908396
2021-02-07 00:00:00,39279.41286897885
2021-02-08 00:00:00,38833.34026455532
2021-02-09 00:00:00,46307.57412159395
2021-02-10 00:00:00,46569.56483
2021-02-11 00:00:00,44848.69344950499
2021-02-12 00:00:00,47815.96175554316
2021-02-13 00:00:00,47414.1862550079
2021-02-14 00:00:00,46941.29208582354
2021-02-15 00:00:00,48607.8745224845
2021-02-16 00:00:00,47898.487027633135
2021-02-17 00:00:00,49238.13690672487
2021-02-18 00:00:00,52143.6788446198
2021-02-19 00:00:00,51733.075539032034
2021-02-20 00:00:00,56038.72775892988
2021-02-21 00:00:00,56377.63347790987
2021-02-22 00:00:00,57669.3035269179
2021-02-23 00:00:00,54410.85629451601
2021-02-24 00:00:00,48691.894831704405
2021-02-25 00:00:00,49849.378713583144
2021-02-26 00:00:00,46992.665450048495
2021-02-27 00:00:00,46551.48747675472
2021-02-28 00:00:00,46653.52639939581
2021-03-01 00:00:00,44970.163459946736
2021-03-02 00:00:00,49787.33995949672
2021-03-03 00:00:00,48532.23678981703
2021-03-04 00:00:00,50577.45746915202
2021-03-05 00:00:00,48727.45120080115
2021-03-06 00:00:00,49091.81488232977
2021-03-07 00:00:00,49019.36859236582
2021-03-08 00:00:00,51313.09262027362
2021-03-09 00:00:00,52328.5359126325
2021-03-10 00:00:00,54700.273439277444
2021-03-11 00:00:00,56020.4877195857
2021-03-12 00:00:00,57788.86810329514
2021-03-13 00:00:00,57353.86147197248
2021-03-14 00:00:00,61315.197932766816
2021-03-15 00:00:00,59428.967566027764
2021-03-16 00:00:00,55805.32924923426
2021-03-17 00:00:00,56830.253335076224
2021-03-18 00:00:00,59014.92563205099
2021-03-19 00:00:00,57922.40959262911
2021-03-20 00:00:00,58243.27060892363
2021-03-21 00:00:00,58376.15847137206
2021-03-22 00:00:00,57573.539344778685
2021-03-23 00:00:00,54370.137557895185
2021-03-24 00:00:00,54584.86994699455
2021-03-25 00:00:00,52526.86659704657
2021-03-26 00:00:00,51416.908304980054
2021-03-27 00:00:00,55033.100480447036
2021-03-28 00:00:00,55832.418109618324
2021-03-29 00:00:00,55728.10132780653
2021-03-30 00:00:00,57634.92869447539
2021-03-31 00:00:00,58668.628336761
2021-04-01 00:00:00,58817.3738884188
2021-04-02 00:00:00,58801.194843878126
2021-04-03 00:00:00,59060.02678333801
2021-04-04 00:00:00,57060.40665471088
2021-04-05 00:00:00,58228.802623466196
2021-04-06 00:00:00,58706.81559311396
2021-04-07 00:00:00,58062.17872433649
2021-04-08 00:00:00,56134.41738866435
2021-04-09 00:00:00,58065.644024815316
2021-04-10 00:00:00,58152.993262141834
2021-04-11 00:00:00,59979.39281571831
2021-04-12 00:00:00,59988.02095852983
2021-04-13 00:00:00,59911.020594847316
2021-04-14 00:00:00,63576.676041048275
2021-04-15 00:00:00,62807.12323259299
2021-04-16 00:00:00,63179.772446084695
2021-04-17 00:00:00,61497.299569441195
2021-04-18 00:00:00,60273.86667694734
2021-04-19 00:00:00,56288.94534001195
2021-04-20 00:00:00,55721.166052695626
2021-04-21 00:00:00,56294.728558586925
2021-04-22 00:00:00,54190.07026283405
2021-04-23 00:00:00,51965.5664304852
2021-04-24 00:00:00,51191.1246964079
2021-04-25 00:00:00,50133.1073963654
2021-04-26 00:00:00,48981.4413932161
2021-04-27 00:00:00,53978.80554728962
2021-04-28 00:00:00,54991.81484262107
2021-04-29 00:00:00,54810.6138506792
2021-04-30 00:00:00,53596.70402266675
2021-05-01 00:00:00,57828.511814425874
2021-05-02 00:00:00,57812.96915967891
2021-05-03 00:00:00,56600.74528738432
2021-05-04 00:00:00,57200.30029871162
2021-05-05 00:00:00,53464.37021950372
2021-05-06 00:00:00,57432.100227087576
2021-05-07 00:00:00,56507.759439869595
2021-05-08 00:00:00,57361.56904328887
2021-05-09 00:00:00,58771.881689509355
2021-05-10 00:00:00,58213.926293744385
2021-05-11 00:00:00,55901.66759456145
2021-05-12 00:00:00,56928.97235660158
2021-05-13 00:00:00,50004.76218313686
2021-05-14 00:00:00,49972.795398372444
2021-05-15 00:00:00,49913.26314398822
2021-05-16 00:00:00,46780.902304688214
2021-05-17 00:00:00,46585.06413538846
2021-05-18 00:00:00,43780.82559782485
2021-05-19 00:00:00,43091.04144756922
2021-05-20 00:00:00,37287.39140242737
2021-05-21 00:00:00,40437.73009625558
2021-05-22 00:00:00,37339.63420134628
2021-05-23 00:00:00,37520.31767547438
2021-05-24 00:00:00,34977.527801962424
2021-05-25 00:00:00,38642.4422973396
2021-05-26 00:00:00,38210.80521759389
2021-05-27 00:00:00,39406.934244116186
2021-05-28 00:00:00,38642.89555434217
2021-05-29 00:00:00,35710.220936529884
2021-05-30 00:00:00,34775.07941347281
2021-05-31 00:00:00,35714.75202018067
2021-06-01 00:00:00,37340.6792659422
2021-06-02 00:00:00,36680.06820180283
2021-06-03 00:00:00,37685.71798174826
2021-06-04 00:00:00,39151.316183800314
2021-06-05 00:00:00,36938.72031139185
2021-06-06 00:00:00,35546.98596483364
2021-06-07 00:00:00,35834.4744744042
2021-06-08 00:00:00,33451.38340714534
2021-06-09 00:00:00,33557.15068309184
2021-06-10 00:00:00,37553.64375851888
2021-06-11 00:00:00,36903.304906778896
2021-06-12 00:00:00,37289.43252210222
2021-06-13 00:00:00,35666.14977877309
2021-06-14 00:00:00,39147.70567879997
2021-06-15 00:00:00,40624.51305316154
2021-06-16 00:00:00,40378.20254971114
2021-06-17 00:00:00,38321.454656574206
2021-06-18 00:00:00,38193.619141943964
2021-06-19 00:00:00,35881.11137137543
2021-06-20 00:00:00,35581.64226773201
2021-06-21 00:00:00,35787.07740523232
2021-06-22 00:00:00,31711.935467727006
2021-06-23 00:00:00,32507.738707026845
2021-06-24 00:00:00,33702.61779371396
2021-06-25 00:00:00,34675.44910530336
2021-06-26 00:00:00,31943.136467863093
2021-06-27 00:00:00,32023.973901774916
2021-06-28 00:00:00,34607.293274083386
2021-06-29 00:00:00,34556.8421269449
2021-06-30 00:00:00,35968.993667970346
2021-07-01 00:00:00,35171.486304850056
2021-07-02 00:00:00,33677.566235922626
2021-07-03 00:00:00,33950.786555181
2021-07-04 00:00:00,34729.89077801021
2021-07-05 00:00:00,35394.213074080915
2021-07-06 00:00:00,33928.13421837147
2021-07-07 00:00:00,34149.98981477412
2021-07-08 00:00:00,33932.25463831538
2021-07-09 00:00:00,32933.578199292395
2021-07-10 00:00:00,33971.297749757956
2021-07-11 00:00:00,33704.53847440508
2021-07-12 00:00:00,34299.938016517444
2021-07-13 00:00:00,33262.6543524462
2021-07-14 00:00:00,32676.38380096018
2021-07-15 00:00:00,32878.50187357147
2021-07-16 00:00:00,31726.038833909817
2021-07-17 00:00:00,31399.653128682126
2021-07-18 00:00:00,31588.6713510167
2021-07-19 00:00:00,31919.393922554555
2021-07-20 00:00:00,30928.211908849244
2021-07-21 00:00:00,29971.903783612062
2021-07-22 00:00:00,32383.78112696872
2021-07-23 00:00:00,32409.499767175417
2021-07-24 00:00:00,33455.55127272261
2021-07-25 00:00:00,34213.59993217662
2021-07-26 00:00:00,35456.124660766836
2021-07-27 00:00:00,37281.91809217662
2021-07-28 00:00:00,39076.59377063225
2021-07-29 00:00:00,40031.19824444798
2021-07-30 00:00:00,39977.75693922764
2021-07-31 00:00:00,41936.261478677225
2021-08-01 00:00:00,41754.16660435275
2021-08-02 00:00:00,39914.82975848789
2021-08-03 00:00:00,39278.766508103676
2021-08-04 00:00:00,38368.35401197897
2021-08-05 00:00:00,39751.58457509862
2021-08-06 00:00:00,40825.381940449704
2021-08-07 00:00:00,42802.13717474142
2021-08-08 00:00:00,44647.57760300116
2021-08-09 00:00:00,43753.217862646314
2021-08-10 00:00:00,46311.00189857689
2021-08-11 00:00:00,45639.51401890709
2021-08-12 00:00:00,45652.06012506926
2021-08-13 00:00:00,44495.20979327958
2021-08-14 00:00:00,47717.27052766495
2021-08-15 00:00:00,47088.85313451467
2021-08-16 00:00:00,47025.00323011282
2021-08-17 00:00:00,46031.75754362583
2021-08-18 00:00:00,44534.454854219905
2021-08-19 00:00:00,45015.46554608543
2021-08-20 00:00:00,46745.03462296988
2021-08-21 00:00:00,49195.87860189616
2021-08-22 00:00:00,48933.689151311635
2021-08-23 00:00:00,49250.54486971799
2021-08-24 00:00:00,49518.57748790696
2021-08-25 00:00:00,47940.6079149608
2021-08-26 00:00:00,49002.70376627545
2021-08-27 00:00:00,47229.070650876114
2021-08-28 00:00:00,49083.10330586219
2021-08-29 00:00:00,48936.537254142204
2021-08-30 00:00:00,48907.27073106221
2021-08-31 00:00:00,47124.25422469402
2021-09-01 00:00:00,47335.42029920565
2021-09-02 00:00:00,48823.05520964915
2021-09-03 00:00:00,49338.78465183332
2021-09-04 00:00:00,49934.5282762881
2021-09-05 00:00:00,50013.02994694588
2021-09-06 00:00:00,51696.206431317885
2021-09-07 00:00:00,52739.800166345514
2021-09-08 00:00:00,46995.16417095979
2021-09-09 00:00:00,46085.02861578186
2021-09-10 00:00:00,46518.94118660236
2021-09-11 00:00:00,44802.60640249699
2021-09-12 00:00:00,45196.488277558245
2021-09-13 00:00:00,46195.21830082935
2021-09-14 00:00:00,45139.83396873267
2021-09-15 00:00:00,47135.43199562694
2021-09-16 00:00:00,48186.53275704722
2021-09-17 00:00:00,47879.47343992101
2021-09-18 00:00:00,47228.65821623257
2021-09-19 00:00:00,48266.62707279063
2021-09-20 00:00:00,47371.03933236471
2021-09-21 00:00:00,42932.94659595412
2021-09-22 00:00:00,40386.62363528928
2021-09-23 00:00:00,43587.22305058473
2021-09-24 00:00:00,44980.898214810935
2021-09-25 00:00:00,42752.1681545072
2021-09-26 00:00:00,42856.855164224515
2021-09-27 00:00:00,43336.861233242744
2021-09-28 00:00:00,42247.355729006355
2021-09-29 00:00:00,41010.37519836549
2021-09-30 00:00:00,41587.66786232295
2021-10-01 00:00:00,43859.32614724109
2021-10-02 00:00:00,48181.87627260008
2021-10-03 00:00:00,47777.762019063
2021-10-04 00:00:00,48282.97113857447
2021-10-05 00:00:00,49260.232321130694
2021-10-06 00:00:00,51668.99422435564
2021-10-07 00:00:00,55415.00574202895
2021-10-08 00:00:00,53894.59599452107
2021-10-09 00:00:00,54010.93747374405
2021-10-10 00:00:00,55125.460337680444
2021-10-11 00:00:00,54711.86959664297
2021-10-12 00:00:00,57572.510855596534
2021-10-13 00:00:00,56335.035460511535
2021-10-14 00:00:00,57487.985880422195
2021-10-15 00:00:00,57452.43178503547
2021-10-16 00:00:00,61809.02394427028
2021-10-17 00:00:00,61165.63564211521
2021-10-18 00:00:00,61583.77443961336
2021-10-19 00:00:00,62017.972725178704
2021-10-20 00:00:00,64517.64856042277
2021-10-21 00:00:00,66237.51755029388
2021-10-22 00:00:00,62541.08693293518
2021-10-23 00:00:00,61029.27093182092
2021-10-24 00:00:00,61572.14043422243
2021-10-25 00:00:00,61173.1663907232
2021-10-26 00:00:00,63228.21382584213
2021-10-27 00:00:00,60604.18888794746
2021-10-28 00:00:00,58641.00147419492
2021-10-29 00:00:00,60767.55585206728
2021-10-30 00:00:00,62283.19805587354
2021-10-31 00:00:00,61837.257002978935
2021-11-01 00:00:00,61471.86846276259
2021-11-02 00:00:00,61121.83120106507
2021-11-03 00:00:00,63247.20896127831
2021-11-04 00:00:00,63130.94235171542
2021-11-05 00:00:00,61601.74357204975
2021-11-06 00:00:00,61247.38494217787
2021-11-07 00:00:00,61661.35866372036
2021-11-08 00:00:00,63153.230193019495
2021-11-09 00:00:00,67617.0155448617
2021-11-10 00:00:00,67145.37493537061
2021-11-11 00:00:00,65061.05440696283
2021-11-12 00:00:00,65005.64515956679
2021-11-13 00:00:00,64432.04794734522
2021-11-14 00:00:00,64660.33535267343
2021-11-15 00:00:00,65648.97779110243
2021-11-16 00:00:00,63933.835442599324
2021-11-17 00:00:00,60448.56251258625
2021-11-18 00:00:00,60603.65586738653
2021-11-19 00:00:00,56987.32233855049
2021-11-20 00:00:00,58459.25551667463
2021-11-21 00:00:00,60082.91166841709
2021-11-22 00:00:00,59139.779279527174
2021-11-23 00:00:00,56386.856853152145
2021-11-24 00:00:00,57748.79317378856
2021-11-25 00:00:00,57198.18384629529
2021-11-26 00:00:00,58897.84698299794
2021-11-27 00:00:00,53827.792865034724
2021-11-28 00:00:00,54533.40388242691
2021-11-29 00:00:00,57237.66113709043
2021-11-30 00:00:00,57848.77353712989
2021-12-01 00:00:00,57011.28047424234
2021-12-02 00:00:00,57169.37199381056
2021-12-03 00:00:00,56508.26805402271
2021-12-04 00:00:00,53785.96717237922
2021-12-05 00:00:00,49161.99070957517
2021-12-06 00:00:00,49268.46989053938
2021-12-07 00:00:00,50461.57683653979
2021-12-08 00:00:00,50647.66340635755
2021-12-09 00:00:00,50530.4580645934
2021-12-10 00:00:00,47885.871989417064
2021-12-11 00:00:00,47303.56415217411
2021-12-12 00:00:00,49242.302324071476
2021-12-13 00:00:00,50051.078348674855
2021-12-14 00:00:00,46696.30469946678
2021-12-15 00:00:00,48410.564656309325
2021-12-16 00:00:00,48936.86258244155
2021-12-17 00:00:00,47694.530502251764
2021-12-18 00:00:00,46328.6963654447
2021-12-19 00:00:00,46970.057050727024
2021-12-20 00:00:00,46807.04861642627
2021-12-21 00:00:00,47117.008204210455
2021-12-22 00:00:00,49145.21725849885
2021-12-23 00:00:00,48755.89564404483
2021-12-24 00:00:00,50900.61494951601
2021-12-25 00:00:00,50888.72103678683
2021-12-26 00:00:00,50663.48710213215
2021-12-27 00:00:00,50852.860259540656
2021-12-28 00:00:00,50774.067814743
2021-12-29 00:00:00,47725.14804631933
2021-12-30 00:00:00,46506.99464767938
2021-12-31 00:00:00,47191.86838983951
2022-01-01 00:00:00,46319.65108805251
2022-01-02 00:00:00,47816.07767640849
2022-01-03 00:00:00,47387.212167697246
2022-01-04 00:00:00,46531.140860530526
2022-01-05 00:00:00,45938.02427172366
2022-01-06 00:00:00,43647.147508068054
2022-01-07 00:00:00,43216.45867693359
2022-01-08 00:00:00,41527.197042644846
2022-01-09 00:00:00,41756.66232397826
2022-01-10 00:00:00,41862.3609856517
2022-01-11 00:00:00,41869.85905559219
2022-01-12 00:00:00,42777.211020482355
2022-01-13 00:00:00,43981.87732717414
2022-01-14 00:00:00,42608.41001195019
2022-01-15 00:00:00,43120.85451108056
2022-01-16 00:00:00,43226.65026980921
2022-01-17 00:00:00,43119.79214308028
2022-01-18 00:00:00,42298.341116872325
2022-01-19 00:00:00,42395.45879157343
2022-01-20 00:00:00,41749.55143098559
2022-01-21 00:00:00,40707.6824143097
2022-01-22 00:00:00,36508.799789830824
2022-01-23 00:00:00,35180.435462830384
2022-01-24 00:00:00,36306.409440464704
2022-01-25 00:00:00,36774.00714224005
2022-01-26 00:00:00,36988.928510667356
2022-01-27 00:00:00,36870.440166930995
2022-01-28 00:00:00,37276.839558174994
2022-01-29 00:00:00,37852.57902803263
2022-01-30 00:00:00,38232.17873217708
2022-01-31 00:00:00,37983.151499406464
2022-02-01 00:00:00,38555.53446121157
2022-02-02 00:00:00,38835.69494322237
2022-02-03 00:00:00,37000.98249864199
2022-02-04 00:00:00,37101.351593780935
2022-02-05 00:00:00,41673.8395543094
2022-02-06 00:00:00,41493.690050910525
2022-02-07 00:00:00,42475.543220951215
2022-02-08 00:00:00,43910.929986443094
2022-02-09 00:00:00,44184.447511676175
2022-02-10 00:00:00,44383.88805541707
2022-02-11 00:00:00,43628.13953235228
2022-02-12 00:00:00,42445.38876793804
2022-02-13 00:00:00,42254.738123237206
2022-02-14 00:00:00,42247.83595326771
2022-02-15 00:00:00,42634.573783663065
2022-02-16 00:00:00,44574.32057099816
2022-02-17 00:00:00,44063.28198279571
2022-02-18 00:00:00,40562.98694982819
2022-02-19 00:00:00,40073.495362369824
2022-02-20 00:00:00,40192.75912143141
2022-02-21 00:00:00,38514.00853622455
2022-02-22 00:00:00,37059.979402287514
2022-02-23 00:00:00,38337.2038554348
2022-02-24 00:00:00,37372.2926803477
2022-02-25 00:00:00,38363.345488570165
2022-02-26 00:00:00,39316.16207578596
2022-02-27 00:00:00,39090.202153609054
2022-02-28 00:00:00,37803.59016044929
2022-03-01 00:00:00,43225.404677435734
2022-03-02 00:00:00,44459.59162774341
2022-03-03 00:00:00,43980.707382090906
2022-03-04 00:00:00,42491.97839335905
2022-03-05 00:00:00,39200.29973557414
2022-03-06 00:00:00,39463.14681149058
2022-03-07 00:00:00,38442.99174588676
2022-03-08 00:00:00,38076.49382252028
2022-03-09 00:00:00,38732.93701302586
2022-03-10 00:00:00,41986.03444607623
2022-03-11 00:00:00,39468.35477300189
2022-03-12 00:00:00,38775.17558840679
2022-03-13 00:00:00,38903.69354800599
2022-03-14 00:00:00,37852.52514106289
2022-03-15 00:00:00,39669.423812004505
2022-03-16 00:00:00,39331.84654059453
2022-03-17 00:00:00,41165.63506140341
2022-03-18 00:00:00,41001.70957801974
2022-03-19 00:00:00,41837.41313797566
2022-03-20 00:00:00,42201.939920688186
2022-03-21 00:00:00,41283.25900104565
2022-03-22 00:00:00,41061.81589384987
2022-03-23 00:00:00,42401.895597489434
2022-03-24 00:00:00,42802.15471016985
2022-03-25 00:00:00,43936.09623454058
2022-03-26 00:00:00,44331.77795706412
2022-03-27 00:00:00,44510.84421762133
2022-03-28 00:00:00,46715.1176185105
2022-03-29 00:00:00,46994.879118357465
2022-03-30 00:00:00,47459.261237539096
2022-03-31 00:00:00,47063.36584996355
2022-04-01 00:00:00,45528.40715313835
2022-04-02 00:00:00,46270.20070585378
2022-04-03 00:00:00,45842.14476317382
2022-04-04 00:00:00,46434.562982661664
2022-04-05 00:00:00,46622.63571309101
2022-04-06 00:00:00,45635.45438126673
2022-04-07 00:00:00,43198.77526936491
2022-04-08 00:00:00,43515.15032279806
2022-04-09 00:00:00,42315.70972421807
2022-04-10 00:00:00,42796.39747810973
2022-04-11 00:00:00,42274.907370256085
2022-04-12 00:00:00,39603.965159284155
2022-04-13 00:00:00,40205.67794073206
2022-04-14 00:00:00,41205.16871904067
2022-04-15 00:00:00,39959.457069033735
2022-04-16 00:00:00,40586.59730938673
2022-04-17 00:00:00,40450.37930543977
2022-04-18 00:00:00,39739.11925622209
2022-04-19 00:00:00,40833.5379650337
2022-04-20 00:00:00,41498.12244669832
2022-04-21 00:00:00,41397.220477279625
2022-04-22 00:00:00,40528.54148675958
2022-04-23 00:00:00,39756.848993471016
2022-04-24 00:00:00,39561.78019075613
2022-04-25 00:00:00,39469.04986198146
2022-04-26 00:00:00,40488.877917622376
2022-04-27 00:00:00,38134.21545068938
2022-04-28 00:00:00,39237.94931747103
2022-04-29 00:00:00,39741.766645809636
2022-04-30 00:00:00,38650.55013809267
2022-05-01 00:00:00,37820.61176529208
2022-05-02 00:00:00,38537.65476669535
2022-05-03 00:00:00,38561.56539902362
2022-05-04 00:00:00,37758.496107734
2022-05-05 00:00:00,39699.02404125388
2022-05-06 00:00:00,36612.229548803036
2022-05-07 00:00:00,36116.394294982965
2022-05-08 00:00:00,35573.31019883488
2022-05-09 00:00:00,34070.31219757961
2022-05-10 00:00:00,30269.586956629482
2022-05-11 00:00:00,31026.93386836242
2022-05-12 00:00:00,28913.48836365432
2022-05-13 00:00:00,29126.11597686014
2022-05-14 00:00:00,29310.728959858257
2022-05-15 00:00:00,30189.333177005963
2022-05-16 00:00:00,31319.309111130002
2022-05-17 00:00:00,29923.606993639707
2022-05-18 00:00:00,30502.19328027689
2022-05-19 00:00:00,28772.200501112577
2022-05-20 00:00:00,30382.40624219559
2022-05-21 00:00:00,29256.813374416255
2022-05-22 00:00:00,29491.507947760598
2022-05-23 00:00:00,30351.050417138096
2022-05-24 00:00:00,29163.167775739188
2022-05-25 00:00:00,29655.02613175249
2022-05-26 00:00:00,29584.949851985926
2022-05-27 00:00:00,29346.781442431617
2022-05-28 00:00:00,28646.65218193245
2022-05-29 00:00:00,29088.236452817226
2022-05-30 00:00:00,29492.503214953642
2022-05-31 00:00:00,31740.94072516695
2022-06-01 00:00:00,31865.749621173167
2022-06-02 00:00:00,29833.450330205254
2022-06-03 00:00:00,30481.013996026013
2022-06-04 00:00:00,29714.143487149733
2022-06-05 00:00:00,29872.3603087139
2022-06-06 00:00:00,29917.764052456198
2022-06-07 00:00:00,31372.5847629755
2022-06-08 00:00:00,31265.469277693348
2022-06-09 00:00:00,30229.236836130378
2022-06-10 00:00:00,30101.187521431468
2022-06-11 00:00:00,29101.2982596468
2022-06-12 00:00:00,28374.14499732395
2022-06-13 00:00:00,26767.269173221313
2022-06-14 00:00:00,22525.768350391198
2022-06-15 00:00:00,22244.848968001315
2022-06-16 00:00:00,22529.198114649807
2022-06-17 00:00:00,20408.690490591813
2022-06-18 00:00:00,20473.05288079512
2022-06-19 00:00:00,19047.41782828195
2022-06-20 00:00:00,20516.41197977524
2022-06-21 00:00:00,20636.75891240637
2022-06-22 00:00:00,20700.923933039136
2022-06-23 00:00:00,19983.566482863105
2022-06-24 00:00:00,21100.270533511088
2022-06-25 00:00:00,21262.71348295613
2022-06-26 00:00:00,21525.88036221139
2022-06-27 00:00:00,21052.80539783573
2022-06-28 00:00:00,20751.477530790766
2022-06-29 00:00:00,20282.542479269694
2022-06-30 00:00:00,20108.529472889782
2022-07-01 00:00:00,19608.397493423083
2022-07-02 00:00:00,19407.447430262473
2022-07-03 00:00:00,19268.227002666128
2022-07-04 00:00:00,19310.233218521833
2022-07-05 00:00:00,20257.012328592882
2022-07-06 00:00:00,20188.779663973284
2022-07-07 00:00:00,20566.68722377
2022-07-08 00:00:00,21660.596837075183
2022-07-09 00:00:00,21858.818749217564
2022-07-10 00:00:00,21589.628101459668
2022-07-11 00:00:00,20859.81407965063
2022-07-12 00:00:00,19998.467839575842
2022-07-13 00:00:00,19350.73735007727
2022-07-14 00:00:00,20225.23866433186
2022-07-15 00:00:00,20574.84059150044
2022-07-16 00:00:00,20794.811981436706
2022-07-17 00:00:00,21193.08334336837
2022-07-18 00:00:00,20824.36275165164
2022-07-19 00:00:00,22395.365383103952
2022-07-20 00:00:00,23366.90769792785
2022-07-21 00:00:00,23313.296731959555
2022-07-22 00:00:00,23155.207555248304
2022-07-23 00:00:00,22696.902754290055
2022-07-24 00:00:00,22506.199573628986
2022-07-25 00:00:00,22613.719208248454
2022-07-26 00:00:00,21330.295450788173
2022-07-27 00:00:00,21235.612316085775
2022-07-28 00:00:00,22908.884260468687
2022-07-29 00:00:00,23822.067597823116
2022-07-30 00:00:00,23847.58331873861
2022-07-31 00:00:00,23653.459549430798
2022-08-01 00:00:00,23379.70052509082
2022-08-02 00:00:00,23333.749243312184
2022-08-03 00:00:00,23053.846847482677
2022-08-04 00:00:00,22860.42098438317
2022-08-05 00:00:00,22678.363633874185
2022-08-06 00:00:00,23225.036201942938
2022-08-07 00:00:00,22984.57953144855
2022-08-08 00:00:00,23197.603469525384
2022-08-09 00:00:00,23823.679442453606
2022-08-10 00:00:00,23203.680696781623
2022-08-11 00:00:00,23948.829553271633
2022-08-12 00:00:00,23948.75170368143
2022-08-13 00:00:00,24411.379871522615
2022-08-14 00:00:00,24433.653747243658
2022-08-15 00:00:00,24312.541424891562
2022-08-16 00:00:00,24179.014652309197
2022-08-17 00:00:00,23913.333725628458
2022-08-18 00:00:00,23359.418837070007
2022-08-19 00:00:00,23248.38422819264
2022-08-20 00:00:00,20945.8339660496
2022-08-21 00:00:00,21175.232732989512
2022-08-22 00:00:00,21615.761693416986
2022-08-23 00:00:00,21387.747114773963
2022-08-24 00:00:00,21562.45153991356
2022-08-25 00:00:00,21395.45846975991
2022-08-26 00:00:00,21618.009019176647
2022-08-27 00:00:00,20271.322951706014
2022-08-28 00:00:00,20069.953331596196
2022-08-29 00:00:00,19659.24670619362
2022-08-30 00:00:00,20308.861447891457
2022-08-31 00:00:00,19805.35069885804
2022-09-01 00:00:00,20023.55444491251
2022-09-02 00:00:00,20153.975977982507
2022-09-03 00:00:00,19941.451370047158
2022-09-04 00:00:00,19814.5642451146
2022-09-05 00:00:00,19980.013222242276
2022-09-06 00:00:00,19785.73350185514
2022-09-07 00:00:00,18859.500087680277
2022-09-08 00:00:00,19280.62547645678
2022-09-09 00:00:00,19322.77774937157
2022-09-10 00:00:00,21359.58252557909
2022-09-11 00:00:00,21707.38731931814
2022-09-12 00:00:00,21739.80437979554
2022-09-13 00:00:00,22339.67050262336
2022-09-14 00:00:00,20184.96749189655
2022-09-15 00:00:00,20255.922978327133
2022-09-16 00:00:00,19702.169889811717
2022-09-17 00:00:00,19764.411712043777
2022-09-18 00:00:00,20131.675305714027
2022-09-19 00:00:00,19437.157867982634
2022-09-20 00:00:00,19570.386709523507
2022-09-21 00:00:00,18869.928809390534
2022-09-22 00:00:00,18539.63523831258
2022-09-23 00:00:00,19464.322663348466
2022-09-24 00:00:00,19291.904802452067
2022-09-25 00:00:00,18939.970580499372
2022-09-26 00:00:00,18809.41143933244
2022-09-27 00:00:00,19219.727780656474
2022-09-28 00:00:00,19116.331160710437
2022-09-29 00:00:00,19444.787771362975
2022-09-30 00:00:00,19563.765161776904
2022-10-01 00:00:00,19476.92659600407
2022-10-02 00:00:00,19314.463835217448
2022-10-03 00:00:00,19065.153837148988
2022-10-04 00:00:00,19620.567543591394
2022-10-05 00:00:00,20345.398520106643
2022-10-06 00:00:00,20161.830614985047
2022-10-07 00:00:00,19949.051041418512
2022-10-08 00:00:00,19457.308951251147
2022-10-09 00:00:00,19418.037989243952
2022-10-10 00:00:00,19448.14900175761
2022-10-11 00:00:00,19142.694767392895
2022-10-12 00:00:00,19058.628039738272
2022-10-13 00:00:00,19153.039779986986
2022-10-14 00:00:00,19383.9432200889
2022-10-15 00:00:00,19198.107144951755
2022-10-16 00:00:00,19072.780513358884
2022-10-17 00:00:00,19272.921847772006
2022-10-18 00:00:00,19557.895548868444
2022-10-19 00:00:00,19348.029368810374
2022-10-20 00:00:00,19134.242664465204
2022-10-21 00:00:00,19031.15987195947
2022-10-22 00:00:00,19173.28046885863
2022-10-23 00:00:00,19203.86547117714
2022-10-24 00:00:00,19574.824231840797
2022-10-25 00:00:00,19316.94062294213
2022-10-26 00:00:00,20095.152230674925
2022-10-27 00:00:00,20774.247496426033
2022-10-28 00:00:00,20278.36623205219
2022-10-29 00:00:00,20591.241208098614
2022-10-30 00:00:00,20800.70708772471
2022-10-31 00:00:00,20623.871497040946
2022-11-01 00:00:00,20494.60120983709
2022-11-02 00:00:00,20489.646203160763
2022-11-03 00:00:00,20162.980904822525
2022-11-04 00:00:00,20210.912417111318
2022-11-05 00:00:00,21150.315583912397
2022-11-06 00:00:00,21282.985109422694
2022-11-07 00:00:00,20906.99792695512
2022-11-08 00:00:00,20597.755017060834
2022-11-09 00:00:00,18562.353215089643
2022-11-10 00:00:00,15742.444335961438
2022-11-11 00:00:00,17594.923500278233
2022-11-12 00:00:00,17080.215260565037
2022-11-13 00:00:00,16797.98748257006
2022-11-14 00:00:00,16344.342316001042
2022-11-15 00:00:00,16645.828500283515
2022-11-16 00:00:00,16890.52938386464
2022-11-17 00:00:00,16689.39673273771
2022-11-18 00:00:00,16718.361228055077
2022-11-19 00:00:00,16707.022778986535
2022-11-20 00:00:00,16712.729525794817
2022-11-21 00:00:00,16304.07685562355
2022-11-22 00:00:00,15814.335280855257
2022-11-23 00:00:00,16171.628978315088
2022-11-24 00:00:00,16608.00998544357
2022-11-25 00:00:00,16596.03575847268
2022-11-26 00:00:00,16524.449007720887
2022-11-27 00:00:00,16456.156062496684
2022-11-28 00:00:00,16459.149543755877
2022-11-29 00:00:00,16222.210728731225
2022-11-30 00:00:00,16441.979978419113
2022-12-01 00:00:00,17186.502572066118
2022-12-02 00:00:00,16972.73406077455
2022-12-03 00:00:00,17084.87334047068
2022-12-04 00:00:00,16923.38287008033
2022-12-05 00:00:00,17149.93175096291
2022-12-06 00:00:00,16973.372577553495
2022-12-07 00:00:00,17085.64314125141
2022-12-08 00:00:00,16851.30346863184
2022-12-09 00:00:00,17235.014157992136
2022-12-10 00:00:00,17149.824203925327
2022-12-11 00:00:00,17125.364927688952
2022-12-12 00:00:00,17101.038019732932
2022-12-13 00:00:00,17179.596038203494
2022-12-14 00:00:00,17784.162894053265
2022-12-15 00:00:00,17808.71617265881
2022-12-16 00:00:00,17338.358126632633
2022-12-17 00:00:00,16623.75782614431
2022-12-18 00:00:00,16806.48559206152
2022-12-19 00:00:00,16742.816663834055
2022-12-20 00:00:00,16422.562273279298
2022-12-21 00:00:00,16899.331969046758
2022-12-22 00:00:00,16816.85370118997
2022-12-23 00:00:00,16824.790162441503
2022-12-24 00:00:00,16791.45543916491
2022-12-25 00:00:00,16848.568708323422
2022-12-26 00:00:00,16842.177039905502
2022-12-27 00:00:00,16900.081871938084
2022-12-28 00:00:00,16701.840210667935
2022-12-29 00:00:00,16538.906094001977
2022-12-30 00:00:00,16644.379087037905
2022-12-31 00:00:00,16604.020520373393
2023-01-01 00:00:00,16540.693624776803
2023-01-02 00:00:00,16615.969318012816
2023-01-03 00:00:00,16674.342536301097
2023-01-04 00:00:00,16677.646185850346
2023-01-05 00:00:00,16855.1747387671
2023-01-06 00:00:00,16832.098988497855
2023-01-07 00:00:00,16960.23206247515
2023-01-08 00:00:00,16950.861521853905
2023-01-09 00:00:00,17074.61539572674
2023-01-10 00:00:00,17194.90932945318
2023-01-11 00:00:00,17436.90232978116
2023-01-12 00:00:00,17996.832553741606
2023-01-13 00:00:00,18866.810330617045
2023-01-14 00:00:00,19941.780543296303
2023-01-15 00:00:00,21019.20661402266
2023-01-16 00:00:00,20853.230569490253
2023-01-17 00:00:00,21175.33773662521
2023-01-18 00:00:00,21156.78393116713
2023-01-19 00:00:00,20726.844969426445
2023-01-20 00:00:00,21081.671022204326
2023-01-21 00:00:00,22705.83367889906
2023-01-22 00:00:00,22771.023287021784
2023-01-23 00:00:00,22736.66142892971
2023-01-24 00:00:00,22984.87497643721
2023-01-25 00:00:00,22610.010598272846
2023-01-26 00:00:00,23180.422697874263
2023-01-27 00:00:00,23024.74618081709
2023-01-28 00:00:00,23082.858382122955
2023-01-29 00:00:00,23022.23299135344
2023-01-30 00:00:00,23797.460894881242
2023-01-31 00:00:00,22840.385858797104
2023-02-01 00:00:00,23137.323554088376
2023-02-02 00:00:00,23725.161796142238
2023-02-03 00:00:00,23539.676770196525
2023-02-04 00:00:00,23451.577650774634
2023-02-05 00:00:00,23340.34958553934
2023-02-06 00:00:00,22946.286578591233
2023-02-07 00:00:00,22786.483006387727
2023-02-08 00:00:00,23294.9136483527
2023-02-09 00:00:00,22947.50782856846
2023-02-10 00:00:00,21820.886508092775
2023-02-11 00:00:00,21630.132979576298
2023-02-12 00:00:00,21889.432080049624
2023-02-13 00:00:00,21779.87440384417
2023-02-14 00:00:00,21807.834274723064
2023-02-15 00:00:00,22220.070997481067
2023-02-16 00:00:00,24307.875101631602
2023-02-17 00:00:00,23756.907281577434
2023-02-18 00:00:00,24628.82455217312
2023-02-19 00:00:00,24642.79087073843
2023-02-20 00:00:00,24284.478003714703
2023-02-21 00:00:00,24786.665940845705
2023-02-22 00:00:00,24417.38703630947
2023-02-23 00:00:00,24146.101364545222
2023-02-24 00:00:00,23951.11098423326
2023-02-25 00:00:00,23172.286538018925
2023-02-26 00:00:00,23157.038107459524
2023-02-27 00:00:00,23541.115854493557
2023-02-28 00:00:00,23518.12390627588
2023-03-01 00:00:00,23155.543746825795
2023-03-02 00:00:00,23634.333489123786
2023-03-03 00:00:00,23464.33654185282
2023-03-04 00:00:00,22367.43302246967
2023-03-05 00:00:00,22348.32991538815
2023-03-06 00:00:00,22421.885805853268
2023-03-07 00:00:00,22415.113659694827
2023-03-08 00:00:00,22217.209884905325
2023-03-09 00:00:00,21712.65119391273
2023-03-10 00:00:00,20376.320007428807
2023-03-11 00:00:00,20195.2289502733
2023-03-12 00:00:00,20521.55615175117
2023-03-13 00:00:00,22095.71339833569
2023-03-14 00:00:00,24178.95532797469
2023-03-15 00:00:00,24758.765085827567
2023-03-16 00:00:00,24470.88205445031
2023-03-17 00:00:00,25161.272017520052
2023-03-18 00:00:00,27466.677829829863
2023-03-19 00:00:00,27107.792183504385
2023-03-20 00:00:00,28186.842652360127
2023-03-21 00:00:00,27929.167733140293
2023-03-22 00:00:00,28264.23961052235
2023-03-23 00:00:00,27449.254830807356
2023-03-24 00:00:00,28459.735113552502
2023-03-25 00:00:00,27595.4947483755
2023-03-26 00:00:00,27670.199498496833
2023-03-27 00:00:00,28048.46997853496
2023-03-28 00:00:00,27182.299559950465
2023-03-29 00:00:00,27291.3500210497
2023-03-30 00:00:00,28394.997780199057
2023-03-31 00:00:00,28041.123080088284
2023-04-01 00:00:00,28516.784729688636
2023-04-02 00:00:00,28498.94463304862
2023-04-03 00:00:00,28236.508738939792
2023-04-04 00:00:00,27815.42653124798
2023-04-05 00:00:00,28175.33033421539
2023-04-06 00:00:00,28197.20034124555
2023-04-07 00:00:00,28042.9833864884
2023-04-08 00:00:00,27934.43871284895
2023-04-09 00:00:00,27968.12804705512
2023-04-10 00:00:00,28351.23699385011
2023-04-11 00:00:00,29657.974136873556
2023-04-12 00:00:00,30260.93610940865
2023-04-13 00:00:00,29904.138694718906
2023-04-14 00:00:00,30405.027312781145
2023-04-15 00:00:00,30468.40870059078
2023-04-16 00:00:00,30312.16187965924
2023-04-17 00:00:00,30304.807514785844
2023-04-18 00:00:00,29467.459829260344
2023-04-19 00:00:00,30365.904167541412
2023-04-20 00:00:00,28833.217501221105
2023-04-21 00:00:00,28255.57824866478
2023-04-22 00:00:00,27300.157128515566
2023-04-23 00:00:00,27861.640663476548
2023-04-24 00:00:00,27606.578347653143
2023-04-25 00:00:00,27511.635682161308
2023-04-26 00:00:00,28351.218248373007
2023-04-27 00:00:00,28352.19132059668
2023-04-28 00:00:00,29483.52170499186
2023-04-29 00:00:00,29339.99499754935
2023-04-30 00:00:00,29217.944046809913
2023-05-01 00:00:00,29362.056213625394
2023-05-02 00:00:00,28125.501155636823
2023-05-03 00:00:00,28654.390133326717
2023-05-04 00:00:00,28988.320996249273
2023-05-05 00:00:00,28846.461458608057
2023-05-06 00:00:00,29520.322268970496
2023-05-07 00:00:00,28887.741045523366
2023-05-08 00:00:00,28611.439197614574
2023-05-09 00:00:00,27696.76078562556
2023-05-10 00:00:00,27607.39168091902
2023-05-11 00:00:00,27639.73356593586
2023-05-12 00:00:00,27024.76572929978
2023-05-13 00:00:00,26787.69039591833
2023-05-14 00:00:00,26798.126271474703
2023-05-15 00:00:00,26911.805273213893
2023-05-16 00:00:00,27227.793422558792
2023-05-17 00:00:00,27022.713173921147
2023-05-18 00:00:00,27389.971511442203
2023-05-19 00:00:00,26842.95249471792
2023-05-20 00:00:00,26884.371059589947
2023-05-21 00:00:00,27093.79110149735
2023-05-22 00:00:00,26773.83024366478
2023-05-23 00:00:00,26869.686021790778
2023-05-24 00:00:00,27222.937746603853
2023-05-25 00:00:00,26338.948946998687
2023-05-26 00:00:00,26475.607902534273
2023-05-27 00:00:00,26717.987553571777
2023-05-28 00:00:00,26848.23993959246
2023-05-29 00:00:00,28110.313467609285
2023-05-30 00:00:00,27759.746663920676
2023-05-31 00:00:00,27713.908547529507
2023-06-01 00:00:00,27245.474465179723
2023-06-02 00:00:00,26824.10149951678
2023-06-03 00:00:00,27247.74008145703
2023-06-04 00:00:00,27066.371328526235
2023-06-05 00:00:00,27315.447587487684
2023-06-06 00:00:00,25792.6160902334
2023-06-07 00:00:00,27216.61556469773
2023-06-08 00:00:00,26346.244545137633
2023-06-09 00:00:00,26507.90989220298
2023-06-10 00:00:00,26469.581684007026
2023-06-11 00:00:00,25858.12289218562
2023-06-12 00:00:00,25916.57989637981
2023-06-13 00:00:00,25910.362742919464
2023-06-14 00:00:00,25872.20645879509
2023-06-15 00:00:00,25107.754695880594
2023-06-16 00:00:00,25564.599632887144
2023-06-17 00:00:00,26327.3256694539
2023-06-18 00:00:00,26501.044442233673
2023-06-19 00:00:00,26333.092529664373
2023-06-20 00:00:00,26779.387461522838
2023-06-21 00:00:00,28330.891419807507
2023-06-22 00:00:00,30101.764819488686
2023-06-23 00:00:00,29935.632106749556
2023-06-24 00:00:00,30629.24435333575
2023-06-25 00:00:00,30537.816664634793
2023-06-26 00:00:00,30454.75697441562
2023-06-27 00:00:00,30285.50506407074
2023-06-28 00:00:00,30693.54635606798
2023-06-29 00:00:00,30083.477245263824
2023-06-30 00:00:00,30466.610456893526
2023-07-01 00:00:00,30480.781481944465
2023-07-02 00:00:00,30583.619599697537
2023-07-03 00:00:00,30571.887072871446
2023-07-04 00:00:00,31134.713133508405
2023-07-05 00:00:00,30775.624022375305
2023-07-06 00:00:00,30484.79377442352
2023-07-07 00:00:00,29990.055151220247
2023-07-08 00:00:00,30315.26540235163
2023-07-09 00:00:00,30264.19734525722
2023-07-10 00:00:00,30169.87065747925
2023-07-11 00:00:00,30394.28114637557
2023-07-12 00:00:00,30620.81424697801
2023-07-13 00:00:00,30407.41631435991
2023-07-14 00:00:00,31446.0149710716
2023-07-15 00:00:00,30311.827808130518
2023-07-16 00:00:00,30297.971400125534
2023-07-17 00:00:00,30237.334785146097
2023-07-18 00:00:00,30147.860079211525
2023-07-19 00:00:00,29848.03227250528
2023-07-20 00:00:00,29919.87483825516
2023-07-21 00:00:00,29787.041530355687
2023-07-22 00:00:00,29914.68272835899
2023-07-23 00:00:00,29710.155935991766
2023-07-24 00:00:00,30057.956718714588
2023-07-25 00:00:00,29184.901913057693
2023-07-26 00:00:00,29222.974630383527
2023-07-27 00:00:00,29363.672907978616
2023-07-28 00:00:00,29200.244001291314
2023-07-29 00:00:00,29314.09738709836
2023-07-30 00:00:00,29356.74774591667
2023-07-31 00:00:00,29277.755810272716
2023-08-01 00:00:00,29233.136365580438
2023-08-02 00:00:00,29537.109746927432
2023-08-03 00:00:00,29146.63627084363
2023-08-04 00:00:00,29176.15059658541
2023-08-05 00:00:00,29087.938086007627
2023-08-06 00:00:00,29046.800457023197
2023-08-07 00:00:00,29044.204375577556
2023-08-08 00:00:00,29178.147751873083
2023-08-09 00:00:00,29779.56167125089
2023-08-10 00:00:00,29585.48807737921
2023-08-11 00:00:00,29423.81891597763
2023-08-12 00:00:00,29396.8479714205
2023-08-13 00:00:00,29412.142274584105
2023-08-14 00:00:00,29284.96971374381
2023-08-15 00:00:00,29400.58680419105
2023-08-16 00:00:00,29170.490397060614
2023-08-17 00:00:00,28754.197021112574
2023-08-18 00:00:00,26501.58726991974
2023-08-19 00:00:00,26042.838256848998
2023-08-20 00:00:00,26104.778630797897
2023-08-21 00:00:00,26160.700419818215
2023-08-22 00:00:00,26119.005958595222
2023-08-23 00:00:00,26033.675406585844
2023-08-24 00:00:00,26450.00862461353
2023-08-25 00:00:00,26134.934254516003
2023-08-26 00:00:00,26044.036209289134
2023-08-27 00:00:00,26002.015717319366
2023-08-28 00:00:00,26082.717178218525
2023-08-29 00:00:00,26109.2698239287
2023-08-30 00:00:00,27730.50373550554
2023-08-31 00:00:00,27297.261438480404
2023-09-01 00:00:00,25927.417005779287
2023-09-02 00:00:00,25812.33049442542
2023-09-03 00:00:00,25853.65684277757
2023-09-04 00:00:00,25959.596311463454
2023-09-05 00:00:00,25829.364772941324
2023-09-06 00:00:00,25784.41351983038
2023-09-07 00:00:00,25752.958418589413
2023-09-08 00:00:00,26192.333433090567
2023-09-09 00:00:00,25907.228137249735
2023-09-10 00:00:00,25889.3250094629
2023-09-11 00:00:00,25834.580098562914
2023-09-12 00:00:00,25133.303106566527
2023-09-13 00:00:00,25866.806663158084
2023-09-14 00:00:00,26223.436075660946
2023-09-15 00:00:00,26531.39556626326
2023-09-16 00:00:00,26634.631025000588
2023-09-17 00:00:00,26557.768691994646
2023-09-18 00:00:00,26520.988254783886
2023-09-19 00:00:00,26741.461110948952
2023-09-20 00:00:00,27219.296874634216
2023-09-21 00:00:00,27115.846446970816
2023-09-22 00:00:00,26561.133454198716
2023-09-23 00:00:00,26572.0381115526
2023-09-24 00:00:00,26573.9234797301
2023-09-25 00:00:00,26249.562897845204
2023-09-26 00:00:00,26298.634678281232
2023-09-27 00:00:00,26204.75759083597
2023-09-28 00:00:00,26350.146895428057
2023-09-29 00:00:00,27009.01375072488
2023-09-30 00:00:00,26917.199101637976
2023-10-01 00:00:00,26969.876144072576
2023-10-02 00:00:00,27967.510579087113
2023-10-03 00:00:00,27615.06488509527
2023-10-04 00:00:00,27439.121946705116
2023-10-05 00:00:00,27792.1112772493
2023-10-06 00:00:00,27435.874615135104
2023-10-07 00:00:00,27958.196437350485
2023-10-08 00:00:00,27977.543490700005
2023-10-09 00:00:00,27948.10365174851
2023-10-09 08:01:54,27827.9935039058
